日期,企业名称,板块名称,装置名称,日现金流,累计现金流,预计现金流,计划现金流
2015/1/1,燕山,BPRO:MBLOCK:SALM,BA105,1339 ,685 ,227 ,1080 
2015/1/2,天津,BPRO:MBLOCK:SALM,BA106,1430 ,600 ,162 ,710 
2015/1/3,高桥,BPRO:MBLOCK:SALM,BA107,1112 ,166 ,1569 ,118 
2015/1/4,广州,BOPE:MPRO:SDATA,BA108,874 ,1078 ,1266 ,618 
2015/1/5,江汉,BPRO:MBLOCK:SALM,BA109,1250 ,1351 ,670 ,345 
2015/1/6,金陵,BPRO:MBLOCK:SALM,BA110,671 ,663 ,1356 ,641 
2015/1/7,茂名,BPRO:MBLOCK:SALM,BA111,747 ,931 ,619 ,184 
2015/1/8,齐鲁,BPRO:MBLOCK:SRALM,BA112,265 ,865 ,1606 ,205 
2015/1/9,上海,BPRO:MBLOCK:SALM,BA113,332 ,1371 ,329 ,596 
2015/1/10,石家庄,BPRO:MBLOCK:SALM,BA114,340 ,112 ,773 ,698 
2015/1/11,扬子,BPRO:MBLOCK:SALM,BA115,417 ,68 ,930 ,226 
2015/1/12,仪征,BPRO:MBLOCK:SALM,BA1101,1462 ,390 ,1170 ,535 
2015/1/13,镇海,BPRO:MBLOCK:SRALM,BA1102,722 ,577 ,1080 ,1101 
2015/1/14,中原,BOPE:MPRO:SDATA,BA1103,715 ,410 ,95 ,545 
2015/1/15,湖北化肥,BPRO:MBLOCK:SALM,BA1104,1080 ,1380 ,178 ,400 
2015/1/16,安庆,BPRO:MBLOCK:SALM,BA105,102 ,1096 ,1757 ,1035 
2015/1/17,海南,BOPE:MPRO:SDATA,BA106,111 ,897 ,1614 ,883 
2015/1/18,洛阳,BOPE:MPRO:SDATA,BA107,1008 ,1416 ,1183 ,1119 
2015/1/19,武汉乙烯,BPRO:MBLOCK:SALM,BA108,1030 ,148 ,496 ,135 
2015/1/20,南化,BPRO:MBLOCK:SALM,BA109,1018 ,501 ,188 ,423 
2015/1/21,燕山,BOPE:MPRO:SDATA,BA110,550 ,1405 ,1410 ,191 
2015/1/22,天津,BOPE:MPRO:SDATA,BA111,1435 ,858 ,119 ,348 
2015/1/23,高桥,BPRO:MBLOCK:SALM,BA112,959 ,1256 ,1825 ,310 
2015/1/24,广州,BPRO:MBLOCK:SALM,BA113,1011 ,294 ,1434 ,776 
2015/1/25,江汉,BOPE:MPRO:SDATA,BA114,530 ,1258 ,1645 ,173 
2015/1/26,金陵,BPRO:MANN:SALM,BA115,973 ,1011 ,1607 ,289 
2015/1/27,茂名,BPRO:MBLOCK:SALM,BA1101,566 ,1394 ,479 ,325 
2015/1/28,齐鲁,BPRO:MBLOCK:SALM,BA1102,1409 ,1251 ,1707 ,725 
2015/1/29,上海,BPRO:MANN:SALM,BA1103,1158 ,859 ,733 ,805 
2015/1/30,石家庄,BPRO:MBLOCK:SALM,BA1104,294 ,698 ,1089 ,649 
2015/1/31,扬子,BPRO:MBLOCK:SALM,BA105,1475 ,850 ,973 ,205 
2015/1/1,仪征,BPRO:MANN:SALM,BA106,1055 ,699 ,1622 ,317 
2015/1/2,镇海,BPRO:MBLOCK:SALM,BA107,1118 ,1326 ,54 ,665 
2015/1/3,中原,BPRO:MBLOCK:SALM,BA108,226 ,1195 ,118 ,731 
2015/1/4,湖北化肥,BOPE:MPRO:SDATA,BA109,25 ,573 ,343 ,660 
2015/1/5,安庆,BPRO:MBLOCK:SRALM,BA110,6 ,804 ,1833 ,462 
2015/1/6,海南,BPRO:MBLOCK:SALM,BA111,1102 ,670 ,280 ,379 
2015/1/7,洛阳,BPRO:MBLOCK:SALM,BA112,213 ,647 ,1804 ,54 
2015/1/8,武汉乙烯,BPRO:MBLOCK:SRALM,BA113,815 ,1404 ,1873 ,471 
2015/1/9,南化,BOPE:MPRO:SDATA,BA114,910 ,676 ,1171 ,1076 
2015/1/10,燕山,BOPE:MPRO:SDATA,BA115,597 ,220 ,249 ,826 
2015/1/11,天津,BPRO:MANN:SALM,BA1101,849 ,1121 ,251 ,955 
2015/1/12,高桥,BPRO:MBLOCK:SALM,BA1102,838 ,483 ,402 ,332 
2015/1/13,广州,BPRO:MBLOCK:SALM,BA1103,978 ,703 ,368 ,386 
2015/1/14,江汉,BPRO:MBLOCK:SALM,BA1104,1353 ,1186 ,828 ,313 
2015/1/15,金陵,BPRO:MBLOCK:SALM,BA105,815 ,885 ,1094 ,321 
2015/1/16,茂名,BPRO:MBLOCK:SALM,BA106,926 ,301 ,59 ,1166 
2015/1/17,齐鲁,BPRO:MBLOCK:SRALM,BA107,363 ,533 ,633 ,565 
2015/1/18,上海,BPRO:MBLOCK:SALM,BA108,1477 ,149 ,232 ,694 
2015/1/19,石家庄,BPRO:MBLOCK:SALM,BA109,1232 ,1120 ,777 ,200 
2015/1/20,扬子,BPRO:MBLOCK:SALM,BA110,1052 ,785 ,959 ,658 
2015/1/21,仪征,BPRO:MBLOCK:SALM,BA111,556 ,698 ,1800 ,179 
2015/1/22,镇海,BOPE:MPRO:SDATA,BA112,1383 ,756 ,1289 ,447 
2015/1/23,中原,BOPE:MPRO:SMODE,BA113,3 ,1299 ,1489 ,651 
2015/1/24,湖北化肥,BOPE:MPRO:SMODE,BA114,1234 ,296 ,700 ,572 
2015/1/25,安庆,BPRO:MBLOCK:SRALM,BA115,118 ,32 ,115 ,127 
2015/1/26,海南,BOPE:MPRO:SMODE,BA1101,874 ,1209 ,85 ,21 
2015/1/27,洛阳,BOPE:MPRO:SDATA,BA1102,122 ,116 ,1360 ,114 
2015/1/28,武汉乙烯,BOPE:MPRO:SDATA,BA1103,101 ,148 ,248 ,576 
2015/1/29,南化,BPRO:MBLOCK:SALM,BA1104,962 ,410 ,734 ,503 
2015/1/30,燕山,BPRO:MBLOCK:SALM,BA105,3 ,945 ,346 ,541 
2015/1/31,天津,BPRO:MBLOCK:SRALM,BA106,350 ,1011 ,1933 ,525 
2015/1/1,高桥,BPRO:MBLOCK:SALM,BA107,1185 ,293 ,920 ,732 
2015/1/2,广州,BPRO:MBLOCK:SRALM,BA108,1228 ,734 ,610 ,782 
2015/1/3,江汉,BPRO:MBLOCK:SALM,BA109,1268 ,921 ,529 ,866 
2015/1/4,金陵,BPRO:MBLOCK:SRALM,BA110,1211 ,717 ,1827 ,314 
2015/1/5,茂名,BPRO:MBLOCK:SALM,BA111,910 ,1105 ,1580 ,451 
2015/1/6,齐鲁,BPRO:MBLOCK:SALM,BA112,789 ,1269 ,1097 ,635 
2015/1/7,上海,BPRO:MBLOCK:SALM,BA113,412 ,215 ,1783 ,1002 
2015/1/8,石家庄,BPRO:MBLOCK:SRALM,BA114,15 ,679 ,569 ,474 
2015/1/9,扬子,BPRO:MBLOCK:SALM,BA115,59 ,815 ,1427 ,354 
2015/1/10,仪征,BPRO:MBLOCK:SALM,BA1101,1407 ,987 ,1680 ,863 
2015/1/11,镇海,BPRO:MBLOCK:SALM,BA1102,881 ,491 ,518 ,1009 
2015/1/12,中原,BPRO:MANN:SALM,BA1103,1398 ,862 ,1178 ,1074 
2015/1/13,湖北化肥,BPRO:MBLOCK:SRALM,BA1104,671 ,1407 ,1032 ,673 
2015/1/14,安庆,BPRO:MBLOCK:SRALM,BA105,925 ,948 ,612 ,829 
2015/1/15,海南,BPRO:MBLOCK:SALM,BA106,1351 ,1456 ,1511 ,474 
2015/1/16,洛阳,BPRO:MBLOCK:SALM,BA107,940 ,1060 ,866 ,993 
2015/1/17,武汉乙烯,BPRO:MBLOCK:SALM,BA108,829 ,1025 ,855 ,221 
2015/1/18,南化,BPRO:MBLOCK:SALM,BA109,502 ,837 ,1380 ,1057 
2015/1/19,燕山,BPRO:MANN:SALM,BA110,1265 ,106 ,1793 ,131 
2015/1/20,天津,BOPE:MPRO:SDATA,BA111,1248 ,556 ,676 ,147 
2015/1/21,高桥,BPRO:MBLOCK:SRALM,BA112,1319 ,403 ,1879 ,776 
2015/1/22,广州,BPRO:MBLOCK:SALM,BA113,349 ,1194 ,1583 ,513 
2015/1/23,江汉,BPRO:MBLOCK:SALM,BA114,566 ,346 ,1790 ,573 
2015/1/24,金陵,BPRO:MBLOCK:SRALM,BA115,1224 ,169 ,590 ,1122 
2015/1/25,茂名,BPRO:MBLOCK:SALM,BA1101,1472 ,886 ,1637 ,119 
2015/1/26,齐鲁,BPRO:MBLOCK:SALM,BA1102,1337 ,1242 ,614 ,320 
2015/1/27,上海,BPRO:MBLOCK:SALM,BA1103,166 ,502 ,78 ,542 
2015/1/28,石家庄,BPRO:MBLOCK:SALM,BA1104,168 ,138 ,715 ,470 
2015/1/29,扬子,BOPE:MPRO:SDATA,BA105,976 ,1319 ,107 ,266 
2015/1/30,仪征,BPRO:MANN:SALM,BA106,834 ,1265 ,1930 ,746 
2015/1/31,镇海,BPRO:MBLOCK:SALM,BA107,358 ,341 ,1845 ,932 
2015/1/1,中原,BPRO:MBLOCK:SALM,BA108,1160 ,507 ,1497 ,817 
2015/1/2,湖北化肥,BPRO:MANN:SALM,BA109,1435 ,33 ,1900 ,527 
2015/1/3,安庆,BOPE:MPRO:SDATA,BA110,138 ,57 ,1484 ,395 
2015/1/4,海南,BPRO:MBLOCK:SALM,BA111,8 ,1009 ,38 ,685 
2015/1/5,洛阳,BPRO:MBLOCK:SALM,BA112,363 ,83 ,130 ,672 
2015/1/6,武汉乙烯,BPRO:MANN:SALM,BA113,87 ,484 ,845 ,303 
2015/1/7,南化,BPRO:MBLOCK:SALM,BA114,564 ,44 ,1421 ,972 
2015/1/8,燕山,BPRO:MBLOCK:SALM,BA115,671 ,1168 ,101 ,459 
2015/1/9,天津,BPRO:MBLOCK:SALM,BA1101,29 ,58 ,513 ,153 
2015/1/10,高桥,BOPE:MPRO:SDATA,BA1102,1345 ,933 ,1220 ,6 
2015/1/11,广州,BOPE:MPRO:SDATA,BA1103,842 ,1336 ,945 ,1073 
2015/1/12,江汉,BPRO:MANN:SALM,BA1104,114 ,1242 ,664 ,649 
2015/1/13,金陵,BOPE:MPRO:SDATA,BA105,900 ,1059 ,1944 ,245 
2015/1/14,茂名,BPRO:MBLOCK:SALM,BA106,920 ,467 ,119 ,241 
2015/1/15,齐鲁,BPRO:MBLOCK:SALM,BA107,564 ,894 ,485 ,718 
2015/1/16,上海,BPRO:MANN:SALM,BA108,1155 ,269 ,1248 ,238 
2015/1/17,石家庄,BPRO:MBLOCK:SALM,BA109,164 ,860 ,1796 ,712 
2015/1/18,扬子,BPRO:MBLOCK:SALM,BA110,1026 ,242 ,46 ,877 
2015/1/19,仪征,BPRO:MBLOCK:SRALM,BA111,590 ,1239 ,51 ,1076 
2015/1/20,镇海,BPRO:MANN:SALM,BA112,895 ,1405 ,1096 ,865 
2015/1/21,中原,BPRO:MANN:SALM,BA113,431 ,963 ,199 ,100 
2015/1/22,湖北化肥,BPRO:MBLOCK:SRALM,BA114,466 ,818 ,1704 ,421 
2015/1/23,安庆,BPRO:MBLOCK:SALM,BA115,129 ,1081 ,1194 ,913 
2015/1/24,海南,BPRO:MBLOCK:SALM,BA1101,961 ,1296 ,48 ,940 
2015/1/25,洛阳,BPRO:MANN:SALM,BA1102,274 ,1287 ,207 ,908 
2015/1/26,武汉乙烯,BPRO:MBLOCK:SALM,BA1103,385 ,657 ,1108 ,1129 
2015/1/27,南化,BPRO:MBLOCK:SALM,BA1104,194 ,1111 ,1476 ,717 
2015/1/28,燕山,BPRO:MBLOCK:SALM,BA105,789 ,480 ,1494 ,269 
2015/1/29,天津,BPRO:MBLOCK:SALM,BA106,652 ,1112 ,389 ,635 
2015/1/30,高桥,BPRO:MANN:SALM,BA107,1167 ,1202 ,1010 ,1011 
2015/1/31,广州,BPRO:MBLOCK:SALM,BA108,623 ,371 ,1885 ,1070 
2015/1/1,江汉,BPRO:MBLOCK:SALM,BA109,96 ,640 ,373 ,316 
2015/1/2,金陵,BPRO:MBLOCK:SRALM,BA110,1391 ,564 ,1356 ,286 
2015/1/3,茂名,BPRO:MBLOCK:SALM,BA111,784 ,201 ,1186 ,646 
2015/1/4,齐鲁,BPRO:MBLOCK:SALM,BA112,221 ,1270 ,1507 ,775 
2015/1/5,上海,BPRO:MBLOCK:SALM,BA113,1464 ,171 ,48 ,205 
2015/1/6,石家庄,BPRO:MBLOCK:SALM,BA114,849 ,230 ,376 ,835 
2015/1/7,扬子,BPRO:MBLOCK:SRALM,BA115,0 ,1428 ,1734 ,278 
2015/1/8,仪征,BPRO:MBLOCK:SALM,BA1101,1249 ,1246 ,844 ,1045 
2015/1/9,镇海,BPRO:MBLOCK:SALM,BA1102,1275 ,42 ,1599 ,716 
2015/1/10,中原,BOPE:MPRO:SDATA,BA1103,106 ,46 ,1287 ,107 
2015/1/11,湖北化肥,BPRO:MBLOCK:SALM,BA1104,22 ,113 ,1571 ,521 
2015/1/12,安庆,BPRO:MBLOCK:SALM,BA105,571 ,1242 ,446 ,1033 
2015/1/13,海南,BPRO:MBLOCK:SALM,BA106,1439 ,675 ,367 ,1072 
2015/1/14,洛阳,BPRO:MBLOCK:SALM,BA107,1160 ,113 ,368 ,768 
2015/1/15,武汉乙烯,BPRO:MBLOCK:SALM,BA108,1328 ,918 ,1091 ,328 
2015/1/16,南化,BPRO:MBLOCK:SALM,BA109,87 ,947 ,1453 ,1110 
2015/1/17,燕山,BPRO:MBLOCK:SALM,BA110,683 ,175 ,471 ,333 
2015/1/18,天津,BPRO:MBLOCK:SALM,BA111,1358 ,779 ,1511 ,715 
2015/1/19,高桥,BPRO:MBLOCK:SRALM,BA112,1386 ,687 ,1278 ,1103 
2015/1/20,广州,BPRO:MBLOCK:SALM,BA113,535 ,872 ,931 ,1049 
2015/1/21,江汉,BPRO:MBLOCK:SALM,BA114,670 ,336 ,779 ,148 
2015/1/22,金陵,BPRO:MBLOCK:SALM,BA115,476 ,141 ,975 ,270 
2015/1/23,茂名,BPRO:MBLOCK:SALM,BA1101,849 ,722 ,1380 ,105 
2015/1/24,齐鲁,BPRO:MBLOCK:SALM,BA1102,1185 ,701 ,271 ,945 
2015/1/25,上海,BPRO:MBLOCK:SALM,BA1103,417 ,414 ,114 ,15 
2015/1/26,石家庄,BPRO:MBLOCK:SRALM,BA1104,515 ,722 ,1080 ,979 
2015/1/27,扬子,BPRO:MBLOCK:SRALM,BA105,1406 ,839 ,747 ,1109 
2015/1/28,仪征,BOPE:MPRO:SDATA,BA106,583 ,890 ,1630 ,1026 
2015/1/29,镇海,BPRO:MBLOCK:SALM,BA107,413 ,480 ,1341 ,453 
2015/1/30,中原,BPRO:MBLOCK:SALM,BA108,690 ,474 ,748 ,273 
2015/1/31,湖北化肥,BOPE:MPRO:SDATA,BA109,593 ,1224 ,1035 ,226 
2015/1/1,安庆,BOPE:MPRO:SDATA,BA110,964 ,495 ,918 ,1162 
2015/1/2,海南,BOPE:MPRO:SDATA,BA111,1265 ,227 ,1876 ,1118 
2015/1/3,洛阳,BOPE:MPRO:SDATA,BA112,1031 ,491 ,591 ,40 
2015/1/4,武汉乙烯,BOPE:MPRO:SDATA,BA113,627 ,695 ,506 ,689 
2015/1/5,南化,BOPE:MPRO:SDATA,BA114,1019 ,1415 ,715 ,897 
2015/1/6,燕山,BOPE:MPRO:SDATA,BA115,179 ,1399 ,1848 ,861 
2015/1/7,天津,BOPE:MPRO:SDATA,BA1101,807 ,986 ,121 ,1122 
2015/1/8,高桥,BPRO:MBLOCK:SALM,BA1102,281 ,563 ,1313 ,409 
2015/1/9,广州,BPRO:MBLOCK:SALM,BA1103,93 ,587 ,1645 ,301 
2015/1/10,江汉,BOPE:MPRO:SDATA,BA1104,1455 ,537 ,1298 ,209 
2015/1/11,金陵,BPRO:MBLOCK:SALM,BA105,484 ,844 ,711 ,1136 
2015/1/12,茂名,BPRO:MBLOCK:SALM,BA106,1019 ,821 ,1078 ,441 
2015/1/13,齐鲁,BOPE:MPRO:SDATA,BA107,595 ,597 ,1922 ,229 
2015/1/14,上海,BPRO:MANN:SALM,BA108,478 ,47 ,828 ,479 
2015/1/15,石家庄,BPRO:MBLOCK:SALM,BA109,16 ,262 ,1875 ,928 
2015/1/16,扬子,BPRO:MBLOCK:SALM,BA110,473 ,215 ,520 ,1060 
2015/1/17,仪征,BPRO:MBLOCK:SALM,BA111,1129 ,108 ,587 ,394 
2015/1/18,镇海,BPRO:MBLOCK:SALM,BA112,922 ,166 ,1294 ,1089 
2015/1/19,中原,BOPE:MPRO:SDATA,BA113,146 ,287 ,921 ,33 
2015/1/20,湖北化肥,BPRO:MBLOCK:SALM,BA114,1061 ,1175 ,1107 ,78 
2015/1/21,安庆,BOPE:MPRO:SDATA,BA115,286 ,1256 ,1080 ,1047 
2015/1/22,海南,BOPE:MPRO:SDATA,BA1101,308 ,615 ,310 ,1012 
2015/1/23,洛阳,BOPE:MPRO:SDATA,BA1102,1285 ,1179 ,51 ,221 
2015/1/24,武汉乙烯,BOPE:MPRO:SDATA,BA1103,735 ,346 ,1665 ,941 
2015/1/25,南化,BOPE:MPRO:SDATA,BA1104,1482 ,219 ,238 ,1161 
2015/1/26,燕山,BOPE:MPRO:SDATA,BA105,1417 ,1221 ,1637 ,878 
2015/1/27,天津,BOPE:MPRO:SDATA,BA106,774 ,1075 ,1096 ,714 
2015/1/28,高桥,BOPE:MPRO:SDATA,BA107,1089 ,54 ,1752 ,994 
2015/1/29,广州,BOPE:MPRO:SDATA,BA108,1295 ,1028 ,1960 ,638 
2015/1/30,江汉,BPRO:MBLOCK:SRALM,BA109,596 ,842 ,1715 ,487 
2015/1/31,金陵,BOPE:MPRO:SDATA,BA110,942 ,53 ,170 ,1158 
2015/1/1,茂名,BPRO:MANN:SALM,BA111,898 ,156 ,728 ,75 
2015/1/2,齐鲁,BPRO:MBLOCK:SALM,BA112,435 ,548 ,629 ,876 
2015/1/3,上海,BOPE:MPRO:SDATA,BA113,1310 ,363 ,856 ,861 
2015/1/4,石家庄,BPRO:MBLOCK:SALM,BA114,589 ,829 ,7 ,322 
2015/1/5,扬子,BPRO:MBLOCK:SALM,BA115,365 ,533 ,1562 ,340 
2015/1/6,仪征,BOPE:MPRO:SDATA,BA1101,756 ,807 ,1004 ,247 
2015/1/7,镇海,BPRO:MBLOCK:SALM,BA1102,207 ,1060 ,1814 ,94 
2015/1/8,中原,BPRO:MANN:SALM,BA1103,1366 ,35 ,1526 ,80 
2015/1/9,湖北化肥,BOPE:MPRO:SDATA,BA1104,787 ,1006 ,484 ,525 
2015/1/10,安庆,BPRO:MBLOCK:SALM,BA105,1288 ,636 ,348 ,934 
2015/1/11,海南,BPRO:MBLOCK:SALM,BA106,650 ,1009 ,1768 ,397 
2015/1/12,洛阳,BOPE:MPRO:SDATA,BA107,1097 ,459 ,1102 ,468 
2015/1/13,武汉乙烯,BPRO:MANN:SALM,BA108,1051 ,1415 ,59 ,6 
2015/1/14,南化,BOPE:MPRO:SDATA,BA109,439 ,146 ,414 ,666 
2015/1/15,燕山,BOPE:MPRO:SDATA,BA110,587 ,663 ,81 ,652 
2015/1/16,天津,BOPE:MPRO:SDATA,BA111,673 ,1034 ,71 ,783 
2015/1/17,高桥,BOPE:MPRO:SDATA,BA112,835 ,932 ,568 ,231 
2015/1/18,广州,BPRO:MBLOCK:SALM,BA113,933 ,425 ,1287 ,178 
2015/1/19,江汉,BPRO:MBLOCK:SALM,BA114,628 ,1300 ,561 ,271 
2015/1/20,金陵,BOPE:MPRO:SDATA,BA115,1093 ,225 ,1415 ,876 
2015/1/21,茂名,BPRO:MANN:SALM,BA1101,954 ,571 ,1891 ,14 
2015/1/22,齐鲁,BPRO:MBLOCK:SRALM,BA1102,987 ,1303 ,1826 ,983 
2015/1/23,上海,BOPE:MPRO:SDATA,BA1103,822 ,1311 ,761 ,188 
2015/1/24,石家庄,BPRO:MBLOCK:SRALM,BA1104,1347 ,250 ,1068 ,654 
2015/1/25,扬子,BOPE:MPRO:SDATA,BA105,118 ,627 ,701 ,1190 
2015/1/26,仪征,BPRO:MBLOCK:SRALM,BA106,1339 ,385 ,1908 ,1145 
2015/1/27,镇海,BPRO:MBLOCK:SALM,BA107,302 ,1197 ,876 ,913 
2015/1/28,中原,BPRO:MBLOCK:SALM,BA108,407 ,1120 ,975 ,538 
2015/1/29,湖北化肥,BPRO:MBLOCK:SALM,BA109,554 ,1378 ,215 ,475 
2015/1/30,安庆,BPRO:MBLOCK:SRALM,BA110,1444 ,181 ,899 ,371 
2015/1/31,海南,BPRO:MBLOCK:SALM,BA111,326 ,711 ,306 ,380 
2015/2/1,洛阳,BPRO:MBLOCK:SALM,BA112,899 ,814 ,1300 ,1069 
2015/2/2,武汉乙烯,BPRO:MBLOCK:SALM,BA113,507 ,315 ,586 ,73 
2015/2/3,南化,BPRO:MBLOCK:SALM,BA114,272 ,121 ,300 ,579 
2015/2/4,燕山,BPRO:MBLOCK:SALM,BA115,99 ,1390 ,1927 ,80 
2015/2/5,天津,BPRO:MBLOCK:SRALM,BA1101,772 ,1275 ,568 ,691 
2015/2/6,高桥,BPRO:MBLOCK:SALM,BA1102,1022 ,1344 ,259 ,1181 
2015/2/7,广州,BPRO:MBLOCK:SALM,BA1103,532 ,134 ,947 ,180 
2015/2/8,江汉,BOPE:MPRO:SDATA,BA1104,780 ,169 ,558 ,461 
2015/2/9,金陵,BPRO:MBLOCK:SALM,BA105,729 ,1145 ,672 ,226 
2015/2/10,茂名,BPRO:MBLOCK:SALM,BA106,1382 ,1038 ,1710 ,889 
2015/2/11,齐鲁,BPRO:MBLOCK:SALM,BA107,725 ,644 ,1567 ,828 
2015/2/12,上海,BPRO:MBLOCK:SALM,BA108,1149 ,464 ,185 ,764 
2015/2/13,石家庄,BPRO:MBLOCK:SALM,BA109,1100 ,724 ,1925 ,1131 
2015/2/14,扬子,BPRO:MBLOCK:SRALM,BA110,1407 ,1153 ,1217 ,253 
2015/2/15,仪征,BOPE:MPRO:SDATA,BA111,1352 ,807 ,811 ,540 
2015/2/16,镇海,BOPE:MPRO:SDATA,BA112,1266 ,1328 ,1554 ,678 
2015/2/17,中原,BPRO:MBLOCK:SRALM,BA113,779 ,1160 ,1253 ,356 
2015/2/18,湖北化肥,BPRO:MBLOCK:SALM,BA114,604 ,1057 ,367 ,220 
2015/2/19,安庆,BPRO:MBLOCK:SALM,BA115,1194 ,1391 ,1277 ,492 
2015/2/20,海南,BOPE:MPRO:SDATA,BA1101,208 ,1401 ,14 ,777 
2015/2/21,洛阳,BPRO:MBLOCK:SALM,BA1102,622 ,823 ,1397 ,444 
2015/2/22,武汉乙烯,BPRO:MBLOCK:SALM,BA1103,673 ,845 ,190 ,648 
2015/2/23,南化,BPRO:MBLOCK:SALM,BA1104,519 ,694 ,1688 ,333 
2015/2/24,燕山,BOPE:MPRO:SDATA,BA105,1249 ,551 ,756 ,1104 
2015/2/25,天津,BPRO:MBLOCK:SALM,BA106,382 ,306 ,192 ,293 
2015/2/26,高桥,BPRO:MBLOCK:SALM,BA107,877 ,759 ,281 ,611 
2015/2/27,广州,BOPE:MPRO:SDATA,BA108,277 ,1077 ,310 ,502 
2015/2/28,江汉,BPRO:MBLOCK:SALM,BA109,836 ,1351 ,1370 ,144 
2015/2/1,金陵,BPRO:MBLOCK:SALM,BA110,348 ,366 ,1172 ,1171 
2015/2/2,茂名,BOPE:MPRO:SDATA,BA111,611 ,39 ,847 ,54 
2015/2/3,齐鲁,BOPE:MPRO:SDATA,BA112,422 ,598 ,911 ,210 
2015/2/4,上海,BPRO:MBLOCK:SRALM,BA113,204 ,311 ,722 ,830 
2015/2/5,石家庄,BOPE:MPRO:SDATA,BA114,1294 ,1434 ,1773 ,555 
2015/2/6,扬子,BPRO:MBLOCK:SALM,BA115,1049 ,446 ,596 ,408 
2015/2/7,仪征,BPRO:MBLOCK:SALM,BA1101,623 ,897 ,1517 ,1185 
2015/2/8,镇海,BOPE:MPRO:SDATA,BA1102,1066 ,403 ,569 ,267 
2015/2/9,中原,BPRO:MBLOCK:SALM,BA1103,463 ,579 ,1343 ,374 
2015/2/10,湖北化肥,BPRO:MBLOCK:SALM,BA1104,838 ,1220 ,641 ,267 
2015/2/11,安庆,BPRO:MBLOCK:SALM,BA105,868 ,267 ,1563 ,457 
2015/2/12,海南,BPRO:MBLOCK:SALM,BA106,984 ,814 ,1733 ,841 
2015/2/13,洛阳,BPRO:MBLOCK:SALM,BA107,848 ,1318 ,555 ,4 
2015/2/14,武汉乙烯,BPRO:MBLOCK:SALM,BA108,419 ,1313 ,152 ,161 
2015/2/15,南化,BPRO:MBLOCK:SALM,BA109,998 ,310 ,574 ,402 
2015/2/16,燕山,BPRO:MBLOCK:SALM,BA110,985 ,879 ,948 ,650 
2015/2/17,天津,BPRO:MBLOCK:SRALM,BA111,756 ,835 ,1227 ,919 
2015/2/18,高桥,BPRO:MBLOCK:SALM,BA112,340 ,435 ,622 ,1165 
2015/2/19,广州,BPRO:MBLOCK:SALM,BA113,687 ,706 ,1288 ,153 
2015/2/20,江汉,BPRO:MBLOCK:SALM,BA114,1189 ,1016 ,311 ,698 
2015/2/21,金陵,BPRO:MBLOCK:SALM,BA115,1322 ,245 ,672 ,438 
2015/2/22,茂名,BPRO:MBLOCK:SALM,BA1101,809 ,1132 ,1106 ,506 
2015/2/23,齐鲁,BPRO:MBLOCK:SALM,BA1102,918 ,353 ,1043 ,914 
2015/2/24,上海,BOPE:MPRO:SDATA,BA1103,385 ,252 ,1832 ,357 
2015/2/25,石家庄,BOPE:MPRO:SDATA,BA1104,182 ,550 ,268 ,520 
2015/2/26,扬子,BOPE:MPRO:SDATA,BA105,38 ,19 ,748 ,299 
2015/2/27,仪征,BPRO:MBLOCK:SALM,BA106,1153 ,979 ,127 ,1024 
2015/2/28,镇海,BPRO:MBLOCK:SALM,BA107,620 ,163 ,848 ,1017 
2015/2/1,中原,BPRO:MBLOCK:SALM,BA108,454 ,1041 ,285 ,737 
2015/2/2,湖北化肥,BPRO:MBLOCK:SALM,BA109,1380 ,965 ,101 ,1134 
2015/2/3,安庆,BPRO:MBLOCK:SALM,BA110,1304 ,273 ,814 ,1038 
2015/2/4,海南,BOPE:MPRO:SDATA,BA111,152 ,873 ,1180 ,676 
2015/2/5,洛阳,BPRO:MBLOCK:SALM,BA112,570 ,666 ,1398 ,550 
2015/2/6,武汉乙烯,BOPE:MPRO:SDATA,BA113,407 ,368 ,680 ,972 
2015/2/7,南化,BPRO:MBLOCK:SRALM,BA114,1294 ,503 ,917 ,493 
2015/2/8,燕山,BPRO:MBLOCK:SALM,BA115,200 ,777 ,1792 ,987 
2015/2/9,天津,BPRO:MBLOCK:SALM,BA1101,896 ,669 ,425 ,924 
2015/2/10,高桥,BOPE:MPRO:SDATA,BA1102,669 ,417 ,1267 ,579 
2015/2/11,广州,BOPE:MPRO:SDATA,BA1103,201 ,522 ,1585 ,639 
2015/2/12,江汉,BOPE:MPRO:SDATA,BA1104,1 ,1392 ,1598 ,14 
2015/2/13,金陵,BPRO:MBLOCK:SALM,BA105,1442 ,819 ,1938 ,166 
2015/2/14,茂名,BPRO:MBLOCK:SALM,BA106,1321 ,878 ,1244 ,917 
2015/2/15,齐鲁,BOPE:MPRO:SDATA,BA107,679 ,1443 ,490 ,814 
2015/2/16,上海,BPRO:MBLOCK:SRALM,BA108,1011 ,246 ,791 ,469 
2015/2/17,石家庄,BOPE:MPRO:SDATA,BA109,1452 ,850 ,803 ,53 
2015/2/18,扬子,BPRO:MBLOCK:SALM,BA110,569 ,77 ,1538 ,412 
2015/2/19,仪征,BPRO:MBLOCK:SRALM,BA111,1111 ,1079 ,658 ,1071 
2015/2/20,镇海,BOPE:MPRO:SDATA,BA112,638 ,452 ,1835 ,749 
2015/2/21,中原,BOPE:MPRO:SDATA,BA113,1061 ,147 ,716 ,1098 
2015/2/22,湖北化肥,BPRO:MBLOCK:SALM,BA114,597 ,312 ,975 ,82 
2015/2/23,安庆,BOPE:MPRO:SDATA,BA115,1179 ,949 ,216 ,922 
2015/2/24,海南,BOPE:MPRO:SDATA,BA1101,232 ,228 ,1919 ,1190 
2015/2/25,洛阳,BPRO:MBLOCK:SALM,BA1102,1023 ,679 ,308 ,317 
2015/2/26,武汉乙烯,BPRO:MBLOCK:SALM,BA1103,96 ,1319 ,740 ,40 
2015/2/27,南化,BPRO:MBLOCK:SALM,BA1104,1315 ,109 ,1956 ,837 
2015/2/28,燕山,BPRO:MBLOCK:SRALM,BA105,342 ,918 ,228 ,108 
2015/2/1,天津,BOPE:MPRO:SDATA,BA106,698 ,1217 ,20 ,854 
2015/2/2,高桥,BPRO:MBLOCK:SALM,BA107,1066 ,794 ,1109 ,24 
2015/2/3,广州,BOPE:MPRO:SDATA,BA108,1125 ,572 ,381 ,814 
2015/2/4,江汉,BPRO:MBLOCK:SALM,BA109,650 ,1300 ,1405 ,212 
2015/2/5,金陵,BPRO:MANN:SALM,BA110,49 ,1358 ,1147 ,1179 
2015/2/6,茂名,BOPE:MPRO:SDATA,BA111,827 ,404 ,1467 ,339 
2015/2/7,齐鲁,BPRO:MBLOCK:SRALM,BA112,1304 ,1453 ,381 ,328 
2015/2/8,上海,BPRO:MBLOCK:SALM,BA113,240 ,1328 ,1296 ,1071 
2015/2/9,石家庄,BPRO:MBLOCK:SALM,BA114,838 ,1431 ,325 ,1004 
2015/2/10,扬子,BPRO:MBLOCK:SALM,BA115,388 ,1141 ,533 ,186 
2015/2/11,仪征,BPRO:MBLOCK:SALM,BA1101,319 ,560 ,434 ,440 
2015/2/12,镇海,BPRO:MBLOCK:SALM,BA1102,1479 ,1290 ,1642 ,331 
2015/2/13,中原,BPRO:MANN:SALM,BA1103,397 ,212 ,1172 ,298 
2015/2/14,湖北化肥,BPRO:MBLOCK:SRALM,BA1104,900 ,1040 ,1836 ,383 
2015/2/15,安庆,BOPE:MPRO:SDATA,BA105,1305 ,693 ,1002 ,463 
2015/2/16,海南,BOPE:MPRO:SDATA,BA106,121 ,710 ,1758 ,251 
2015/2/17,洛阳,BPRO:MBLOCK:SALM,BA107,1069 ,1388 ,1056 ,261 
2015/2/18,武汉乙烯,BPRO:MBLOCK:SALM,BA108,988 ,1384 ,988 ,753 
2015/2/19,南化,BPRO:MBLOCK:SALM,BA109,1436 ,594 ,563 ,1123 
2015/2/20,燕山,BPRO:MBLOCK:SALM,BA110,1200 ,505 ,342 ,873 
2015/2/21,天津,BPRO:MBLOCK:SALM,BA111,804 ,855 ,1712 ,1089 
2015/2/22,高桥,BPRO:MBLOCK:SALM,BA112,1489 ,1086 ,898 ,410 
2015/2/23,广州,BPRO:MBLOCK:SRALM,BA113,862 ,241 ,1913 ,481 
2015/2/24,江汉,BPRO:MBLOCK:SRALM,BA114,160 ,1384 ,1695 ,365 
2015/2/25,金陵,BPRO:MBLOCK:SALM,BA115,1310 ,1386 ,767 ,1166 
2015/2/26,茂名,BPRO:MBLOCK:SALM,BA1101,1212 ,659 ,136 ,631 
2015/2/27,齐鲁,BPRO:MBLOCK:SALM,BA1102,528 ,1169 ,1739 ,422 
2015/2/28,上海,BPRO:MBLOCK:SALM,BA1103,172 ,233 ,456 ,578 
2015/2/1,石家庄,BPRO:MBLOCK:SALM,BA1104,336 ,938 ,1514 ,889 
2015/2/2,扬子,BPRO:MBLOCK:SALM,BA105,444 ,1004 ,570 ,1094 
2015/2/3,仪征,BOPE:MPRO:SMODE,BA106,712 ,1215 ,334 ,752 
2015/2/4,镇海,BOPE:MPRO:SDATA,BA107,346 ,703 ,845 ,380 
2015/2/5,中原,BPRO:MANN:SALM,BA108,780 ,45 ,1772 ,872 
2015/2/6,湖北化肥,BOPE:MPRO:SMODE,BA109,853 ,1403 ,676 ,1145 
2015/2/7,安庆,BOPE:MPRO:SDATA,BA110,269 ,1236 ,1858 ,243 
2015/2/8,海南,BOPE:MPRO:SDATA,BA111,1452 ,268 ,841 ,564 
2015/2/9,洛阳,BPRO:MBLOCK:SALM,BA112,536 ,1214 ,990 ,1011 
2015/2/10,武汉乙烯,BPRO:MBLOCK:SALM,BA113,752 ,398 ,1701 ,958 
2015/2/11,南化,BOPE:MPRO:SDATA,BA114,86 ,297 ,1727 ,175 
2015/2/12,燕山,BPRO:MBLOCK:SRALM,BA115,211 ,612 ,209 ,729 
2015/2/13,天津,BPRO:MBLOCK:SALM,BA1101,1352 ,1250 ,76 ,49 
2015/2/14,高桥,BPRO:MBLOCK:SALM,BA1102,103 ,236 ,1415 ,152 
2015/2/15,广州,BPRO:MBLOCK:SRALM,BA1103,1408 ,1059 ,146 ,239 
2015/2/16,江汉,BPRO:MBLOCK:SALM,BA1104,612 ,944 ,701 ,850 
2015/2/17,金陵,BPRO:MBLOCK:SALM,BA105,212 ,1292 ,83 ,152 
2015/2/18,茂名,BPRO:MANN:SALM,BA106,325 ,753 ,461 ,758 
2015/2/19,齐鲁,BPRO:MBLOCK:SALM,BA107,1062 ,435 ,492 ,411 
2015/2/20,上海,BPRO:MBLOCK:SALM,BA108,593 ,1267 ,1855 ,1134 
2015/2/21,石家庄,BPRO:MBLOCK:SALM,BA109,1251 ,429 ,1356 ,1108 
2015/2/22,扬子,BOPE:MPRO:SDATA,BA110,293 ,479 ,1899 ,518 
2015/2/23,仪征,BPRO:MBLOCK:SALM,BA111,1486 ,738 ,1332 ,884 
2015/2/24,镇海,BPRO:MBLOCK:SALM,BA112,815 ,1033 ,1216 ,652 
2015/2/25,中原,BPRO:MBLOCK:SALM,BA113,711 ,1145 ,592 ,100 
2015/2/26,湖北化肥,BPRO:MBLOCK:SALM,BA114,611 ,46 ,694 ,1079 
2015/2/27,安庆,BOPE:MPRO:SDATA,BA115,321 ,212 ,546 ,72 
2015/2/28,海南,BPRO:MBLOCK:SRALM,BA1101,63 ,141 ,1939 ,844 
2015/2/1,洛阳,BPRO:MBLOCK:SALM,BA1102,219 ,1360 ,1013 ,891 
2015/2/2,武汉乙烯,BPRO:MBLOCK:SALM,BA1103,1441 ,1094 ,276 ,755 
2015/2/3,南化,BPRO:MBLOCK:SALM,BA1104,1427 ,135 ,1368 ,763 
2015/2/4,燕山,BPRO:MBLOCK:SALM,BA105,338 ,1439 ,556 ,421 
2015/2/5,天津,BPRO:MBLOCK:SALM,BA106,1387 ,1261 ,1770 ,934 
2015/2/6,高桥,BPRO:MBLOCK:SRALM,BA107,269 ,1117 ,1066 ,112 
2015/2/7,广州,BPRO:MBLOCK:SALM,BA108,1307 ,918 ,1551 ,383 
2015/2/8,江汉,BPRO:MBLOCK:SRALM,BA109,728 ,434 ,1146 ,354 
2015/2/9,金陵,BPRO:MBLOCK:SALM,BA110,1252 ,1370 ,540 ,641 
2015/2/10,茂名,BPRO:MBLOCK:SALM,BA111,432 ,593 ,1547 ,859 
2015/2/11,齐鲁,BPRO:MBLOCK:SALM,BA112,943 ,1422 ,1297 ,192 
2015/2/12,上海,BPRO:MBLOCK:SALM,BA113,780 ,134 ,1587 ,11 
2015/2/13,石家庄,BPRO:MBLOCK:SRALM,BA114,473 ,1347 ,1791 ,231 
2015/2/14,扬子,BPRO:MBLOCK:SALM,BA115,373 ,897 ,64 ,64 
2015/2/15,仪征,BPRO:MBLOCK:SALM,BA1101,37 ,676 ,1719 ,1073 
2015/2/16,镇海,BPRO:MBLOCK:SALM,BA1102,1000 ,967 ,1676 ,538 
2015/2/17,中原,BPRO:MBLOCK:SALM,BA1103,925 ,1444 ,11 ,972 
2015/2/18,湖北化肥,BPRO:MBLOCK:SALM,BA1104,222 ,466 ,1799 ,509 
2015/2/19,安庆,BPRO:MBLOCK:SALM,BA105,996 ,1255 ,1859 ,495 
2015/2/20,海南,BPRO:MBLOCK:SALM,BA106,605 ,960 ,591 ,13 
2015/2/21,洛阳,BPRO:MBLOCK:SALM,BA107,1255 ,917 ,1221 ,965 
2015/2/22,武汉乙烯,BPRO:MBLOCK:SALM,BA108,658 ,1174 ,1779 ,401 
2015/2/23,南化,BPRO:MBLOCK:SRALM,BA109,1413 ,906 ,1102 ,333 
2015/2/24,燕山,BPRO:MBLOCK:SALM,BA110,353 ,477 ,196 ,840 
2015/2/25,天津,BPRO:MBLOCK:SALM,BA111,1029 ,906 ,247 ,221 
2015/2/26,高桥,BPRO:MBLOCK:SALM,BA112,906 ,429 ,226 ,110 
2015/2/27,广州,BOPE:MPRO:SDATA,BA113,382 ,129 ,1936 ,289 
2015/2/28,江汉,BPRO:MBLOCK:SALM,BA114,1103 ,1101 ,881 ,649 
2015/2/1,金陵,BPRO:MBLOCK:SRALM,BA115,96 ,737 ,1707 ,343 
2015/2/2,茂名,BPRO:MBLOCK:SRALM,BA1101,367 ,121 ,483 ,72 
2015/2/3,齐鲁,BOPE:MPRO:SDATA,BA1102,1009 ,1060 ,905 ,517 
2015/2/4,上海,BPRO:MBLOCK:SALM,BA1103,554 ,1137 ,370 ,861 
2015/2/5,石家庄,BPRO:MBLOCK:SALM,BA1104,156 ,1351 ,1392 ,352 
2015/2/6,扬子,BOPE:MPRO:SDATA,BA105,718 ,933 ,1541 ,683 
2015/2/7,仪征,BOPE:MPRO:SDATA,BA106,516 ,308 ,601 ,620 
2015/2/8,镇海,BOPE:MPRO:SDATA,BA107,599 ,159 ,556 ,1176 
2015/2/9,中原,BOPE:MPRO:SDATA,BA108,753 ,1400 ,378 ,824 
2015/2/10,湖北化肥,BPRO:MBLOCK:SALM,BA109,869 ,179 ,278 ,619 
2015/2/11,安庆,BPRO:MBLOCK:SALM,BA110,1006 ,314 ,528 ,759 
2015/2/12,海南,BPRO:MANN:SALM,BA111,296 ,644 ,1750 ,1063 
2015/2/13,洛阳,BPRO:MBLOCK:SALM,BA112,851 ,998 ,1358 ,1132 
2015/2/14,武汉乙烯,BPRO:MBLOCK:SALM,BA113,244 ,1093 ,1730 ,103 
2015/2/15,南化,BPRO:MBLOCK:SALM,BA114,1294 ,943 ,134 ,536 
2015/2/16,燕山,BPRO:MANN:SALM,BA115,329 ,976 ,565 ,165 
2015/2/17,天津,BPRO:MBLOCK:SALM,BA1101,986 ,163 ,1735 ,565 
2015/2/18,高桥,BPRO:MBLOCK:SALM,BA1102,784 ,176 ,1953 ,719 
2015/2/19,广州,BPRO:MBLOCK:SALM,BA1103,50 ,688 ,1163 ,683 
2015/2/20,江汉,BPRO:MANN:SALM,BA1104,795 ,122 ,355 ,267 
2015/2/21,金陵,BPRO:MBLOCK:SALM,BA105,913 ,925 ,225 ,672 
2015/2/22,茂名,BPRO:MBLOCK:SALM,BA106,1479 ,981 ,1355 ,806 
2015/2/23,齐鲁,BPRO:MANN:SALM,BA107,471 ,7 ,1000 ,887 
2015/2/24,上海,BOPE:MPRO:SDATA,BA108,1216 ,939 ,709 ,750 
2015/2/25,石家庄,BPRO:MBLOCK:SRALM,BA109,1231 ,28 ,1540 ,234 
2015/2/26,扬子,BPRO:MBLOCK:SALM,BA110,1050 ,615 ,176 ,546 
2015/2/27,仪征,BPRO:MBLOCK:SALM,BA111,744 ,1366 ,1775 ,162 
2015/2/28,镇海,BPRO:MANN:SALM,BA112,221 ,929 ,1389 ,512 
2015/3/1,中原,BPRO:MBLOCK:SALM,BA113,271 ,835 ,944 ,959 
2015/3/2,湖北化肥,BPRO:MBLOCK:SALM,BA114,1038 ,418 ,173 ,412 
2015/3/3,安庆,BPRO:MBLOCK:SALM,BA115,1066 ,1102 ,230 ,343 
2015/3/4,海南,BPRO:MBLOCK:SALM,BA1101,952 ,1077 ,653 ,683 
2015/3/5,洛阳,BPRO:MBLOCK:SRALM,BA1102,474 ,1143 ,1525 ,646 
2015/3/6,武汉乙烯,BPRO:MBLOCK:SALM,BA1103,499 ,1356 ,1686 ,1146 
2015/3/7,南化,BPRO:MBLOCK:SALM,BA1104,978 ,239 ,307 ,449 
2015/3/8,燕山,BPRO:MBLOCK:SRALM,BA105,993 ,25 ,287 ,797 
2015/3/9,天津,BPRO:MBLOCK:SALM,BA106,149 ,62 ,922 ,761 
2015/3/10,高桥,BPRO:MBLOCK:SALM,BA107,1484 ,425 ,1224 ,738 
2015/3/11,广州,BPRO:MBLOCK:SALM,BA108,1018 ,1396 ,567 ,1136 
2015/3/12,江汉,BPRO:MBLOCK:SALM,BA109,1318 ,879 ,559 ,12 
2015/3/13,金陵,BPRO:MBLOCK:SALM,BA110,582 ,389 ,155 ,908 
2015/3/14,茂名,BPRO:MBLOCK:SALM,BA111,680 ,676 ,1375 ,1158 
2015/3/15,齐鲁,BPRO:MBLOCK:SRALM,BA112,646 ,1191 ,564 ,197 
2015/3/16,上海,BPRO:MBLOCK:SALM,BA113,935 ,988 ,690 ,1177 
2015/3/17,石家庄,BPRO:MBLOCK:SALM,BA114,146 ,789 ,1581 ,8 
2015/3/18,扬子,BPRO:MBLOCK:SRALM,BA115,375 ,345 ,1708 ,432 
2015/3/19,仪征,BPRO:MBLOCK:SALM,BA1101,1029 ,1075 ,1693 ,1098 
2015/3/20,镇海,BPRO:MBLOCK:SALM,BA1102,1276 ,169 ,285 ,605 
2015/3/21,中原,BPRO:MBLOCK:SALM,BA1103,23 ,826 ,1148 ,758 
2015/3/22,湖北化肥,BPRO:MBLOCK:SALM,BA1104,379 ,328 ,1225 ,1009 
2015/3/23,安庆,BPRO:MBLOCK:SALM,BA105,394 ,1112 ,1682 ,1125 
2015/3/24,海南,BPRO:MBLOCK:SALM,BA106,247 ,526 ,535 ,331 
2015/3/25,洛阳,BPRO:MBLOCK:SRALM,BA107,347 ,1031 ,1276 ,705 
2015/3/26,武汉乙烯,BPRO:MBLOCK:SALM,BA108,632 ,852 ,1437 ,841 
2015/3/27,南化,BPRO:MBLOCK:SALM,BA109,468 ,297 ,1096 ,633 
2015/3/28,燕山,BPRO:MBLOCK:SRALM,BA110,994 ,1299 ,1930 ,437 
2015/3/29,天津,BPRO:MBLOCK:SALM,BA111,988 ,139 ,370 ,1092 
2015/3/30,高桥,BPRO:MBLOCK:SALM,BA112,997 ,1410 ,1690 ,470 
2015/3/31,广州,BPRO:MBLOCK:SALM,BA113,1170 ,149 ,1288 ,830 
2015/3/1,江汉,BOPE:MPRO:SDATA,BA114,994 ,1002 ,1019 ,636 
2015/3/2,金陵,BPRO:MBLOCK:SALM,BA115,1229 ,713 ,119 ,286 
2015/3/3,茂名,BPRO:MBLOCK:SALM,BA1101,1398 ,642 ,1040 ,924 
2015/3/4,齐鲁,BPRO:MBLOCK:SALM,BA1102,1451 ,1257 ,1205 ,352 
2015/3/5,上海,BPRO:MBLOCK:SALM,BA1103,74 ,1337 ,425 ,778 
2015/3/6,石家庄,BOPE:MPRO:SDATA,BA1104,416 ,782 ,610 ,456 
2015/3/7,扬子,BOPE:MPRO:SDATA,BA105,393 ,486 ,1661 ,264 
2015/3/8,仪征,BOPE:MPRO:SDATA,BA106,483 ,1005 ,94 ,1047 
2015/3/9,镇海,BPRO:MBLOCK:SALM,BA107,29 ,1456 ,899 ,738 
2015/3/10,中原,BPRO:MBLOCK:SALM,BA108,1466 ,1156 ,1674 ,826 
2015/3/11,湖北化肥,BPRO:MBLOCK:SRALM,BA109,1122 ,917 ,1310 ,96 
2015/3/12,安庆,BOPE:MPRO:SDATA,BA110,962 ,1435 ,1563 ,153 
2015/3/13,海南,BOPE:MPRO:SDATA,BA111,1419 ,413 ,1876 ,161 
2015/3/14,洛阳,BPRO:MBLOCK:SALM,BA112,940 ,884 ,1290 ,168 
2015/3/15,武汉乙烯,BPRO:MBLOCK:SALM,BA113,531 ,1054 ,1947 ,909 
2015/3/16,南化,BPRO:MBLOCK:SALM,BA114,1031 ,433 ,1375 ,987 
2015/3/17,燕山,BOPE:MPRO:SDATA,BA115,775 ,625 ,1788 ,617 
2015/3/18,天津,BOPE:MPRO:SDATA,BA1101,521 ,1051 ,640 ,381 
2015/3/19,高桥,BPRO:MBLOCK:SALM,BA1102,1457 ,350 ,858 ,1172 
2015/3/20,广州,BPRO:MBLOCK:SALM,BA1103,1108 ,561 ,1945 ,161 
2015/3/21,江汉,BPRO:MBLOCK:SALM,BA1104,117 ,153 ,1603 ,393 
2015/3/22,金陵,BOPE:MPRO:SDATA,BA105,1143 ,1387 ,1195 ,83 
2015/3/23,茂名,BPRO:MANN:SALM,BA106,1238 ,452 ,785 ,549 
2015/3/24,齐鲁,BOPE:MPRO:SDATA,BA107,100 ,114 ,990 ,445 
2015/3/25,上海,BOPE:MPRO:SDATA,BA108,61 ,1425 ,467 ,390 
2015/3/26,石家庄,BPRO:MBLOCK:SALM,BA109,1332 ,45 ,1492 ,668 
2015/3/27,扬子,BOPE:MPRO:SDATA,BA110,1368 ,958 ,1663 ,274 
2015/3/28,仪征,BPRO:MBLOCK:SRALM,BA111,1147 ,1099 ,501 ,1041 
2015/3/29,镇海,BPRO:MBLOCK:SALM,BA112,1473 ,276 ,46 ,971 
2015/3/30,中原,BPRO:MBLOCK:SALM,BA113,719 ,226 ,1212 ,790 
2015/3/31,湖北化肥,BOPE:MPRO:SDATA,BA114,49 ,1448 ,1904 ,59 
2015/3/1,安庆,BPRO:MBLOCK:SRALM,BA115,50 ,23 ,649 ,80 
2015/3/2,海南,BPRO:MANN:SALM,BA1101,1229 ,438 ,1837 ,226 
2015/3/3,洛阳,BOPE:MPRO:SDATA,BA1102,737 ,1036 ,494 ,132 
2015/3/4,武汉乙烯,BOPE:MPRO:SDATA,BA1103,1127 ,1092 ,529 ,116 
2015/3/5,南化,BPRO:MBLOCK:SALM,BA1104,993 ,889 ,773 ,823 
2015/3/6,燕山,BPRO:MBLOCK:SRALM,BA105,688 ,1165 ,792 ,1015 
2015/3/7,天津,BPRO:MBLOCK:SALM,BA106,612 ,986 ,789 ,1108 
2015/3/8,高桥,BPRO:MBLOCK:SALM,BA107,1088 ,1205 ,1690 ,1095 
2015/3/9,广州,BPRO:MBLOCK:SALM,BA108,853 ,610 ,61 ,778 
2015/3/10,江汉,BPRO:MBLOCK:SALM,BA109,1133 ,807 ,1264 ,415 
2015/3/11,金陵,BPRO:MBLOCK:SALM,BA110,493 ,908 ,1450 ,666 
2015/3/12,茂名,BPRO:MBLOCK:SALM,BA111,522 ,850 ,15 ,280 
2015/3/13,齐鲁,BPRO:MBLOCK:SALM,BA112,1016 ,596 ,858 ,1053 
2015/3/14,上海,BPRO:MBLOCK:SRALM,BA113,1284 ,100 ,1172 ,492 
2015/3/15,石家庄,BOPE:MPRO:SDATA,BA114,1303 ,636 ,1324 ,949 
2015/3/16,扬子,BPRO:MBLOCK:SALM,BA115,1206 ,644 ,1471 ,237 
2015/3/17,仪征,BOPE:MPRO:SDATA,BA1101,1372 ,940 ,1913 ,1059 
2015/3/18,镇海,BPRO:MBLOCK:SRALM,BA1102,581 ,598 ,125 ,178 
2015/3/19,中原,BOPE:MPRO:SDATA,BA1103,663 ,1136 ,1657 ,654 
2015/3/20,湖北化肥,BOPE:MPRO:SDATA,BA1104,1328 ,743 ,788 ,591 
2015/3/21,安庆,BPRO:MANN:SALM,BA105,720 ,742 ,628 ,633 
2015/3/22,海南,BOPE:MPRO:SDATA,BA106,1169 ,1096 ,638 ,292 
2015/3/23,洛阳,BOPE:MPRO:SDATA,BA107,218 ,1289 ,583 ,427 
2015/3/24,武汉乙烯,BPRO:MBLOCK:SALM,BA108,1099 ,409 ,1141 ,179 
2015/3/25,南化,BPRO:MANN:SALM,BA109,795 ,654 ,550 ,283 
2015/3/26,燕山,BOPE:MPRO:SDATA,BA110,192 ,709 ,1159 ,1037 
2015/3/27,天津,BOPE:MPRO:SDATA,BA111,1171 ,1416 ,445 ,1112 
2015/3/28,高桥,BOPE:MPRO:SDATA,BA112,881 ,766 ,884 ,542 
2015/3/29,广州,BPRO:MBLOCK:SALM,BA113,12 ,478 ,20 ,1186 
2015/3/30,江汉,BPRO:MBLOCK:SALM,BA114,374 ,935 ,231 ,25 
2015/3/31,金陵,BOPE:MPRO:SDATA,BA115,818 ,763 ,165 ,851 
2015/3/1,茂名,BOPE:MPRO:SDATA,BA1101,43 ,39 ,1092 ,185 
2015/3/2,齐鲁,BOPE:MPRO:SDATA,BA1102,1328 ,1264 ,1519 ,964 
2015/3/3,上海,BOPE:MPRO:SDATA,BA1103,1291 ,1386 ,707 ,596 
2015/3/4,石家庄,BOPE:MPRO:SDATA,BA1104,1393 ,987 ,1712 ,636 
2015/3/5,扬子,BOPE:MPRO:SDATA,BA105,1448 ,1089 ,1867 ,798 
2015/3/6,仪征,BPRO:MBLOCK:SALM,BA106,576 ,982 ,1456 ,83 
2015/3/7,镇海,BPRO:MBLOCK:SRALM,BA107,1326 ,542 ,1307 ,267 
2015/3/8,中原,BPRO:MBLOCK:SRALM,BA108,1258 ,1203 ,253 ,74 
2015/3/9,湖北化肥,BPRO:MBLOCK:SALM,BA109,237 ,798 ,1767 ,616 
2015/3/10,安庆,BOPE:MPRO:SDATA,BA110,1242 ,136 ,556 ,821 
2015/3/11,海南,BOPE:MPRO:SDATA,BA111,836 ,709 ,1749 ,153 
2015/3/12,洛阳,BPRO:MBLOCK:SALM,BA112,989 ,49 ,1334 ,565 
2015/3/13,武汉乙烯,BPRO:MBLOCK:SALM,BA113,670 ,965 ,105 ,363 
2015/3/14,南化,BOPE:MPRO:SDATA,BA114,863 ,709 ,377 ,33 
2015/3/15,燕山,BPRO:MBLOCK:SALM,BA115,446 ,218 ,1638 ,1076 
2015/3/16,天津,BOPE:MPRO:SDATA,BA1101,1461 ,1339 ,1377 ,579 
2015/3/17,高桥,BOPE:MPRO:SDATA,BA1102,660 ,1244 ,1027 ,316 
2015/3/18,广州,BOPE:MPRO:SDATA,BA1103,1033 ,1003 ,1646 ,933 
2015/3/19,江汉,BPRO:MBLOCK:SALM,BA1104,816 ,238 ,952 ,1105 
2015/3/20,金陵,BPRO:MBLOCK:SALM,BA105,1460 ,416 ,210 ,1023 
2015/3/21,茂名,BPRO:MBLOCK:SALM,BA106,1091 ,320 ,196 ,886 
2015/3/22,齐鲁,BPRO:MBLOCK:SALM,BA107,936 ,259 ,418 ,1107 
2015/3/23,上海,BPRO:MBLOCK:SRALM,BA108,1447 ,361 ,1640 ,199 
2015/3/24,石家庄,BPRO:MBLOCK:SALM,BA109,1153 ,924 ,463 ,231 
2015/3/25,扬子,BPRO:MBLOCK:SALM,BA110,154 ,363 ,1689 ,932 
2015/3/26,仪征,BPRO:MBLOCK:SALM,BA111,1278 ,612 ,1057 ,725 
2015/3/27,镇海,BPRO:MBLOCK:SRALM,BA112,1283 ,277 ,1451 ,176 
2015/3/28,中原,BPRO:MBLOCK:SALM,BA113,1209 ,104 ,1514 ,1071 
2015/3/29,湖北化肥,BPRO:MBLOCK:SALM,BA114,558 ,773 ,618 ,1035 
2015/3/30,安庆,BPRO:MBLOCK:SALM,BA115,26 ,615 ,1410 ,424 
2015/3/31,海南,BPRO:MBLOCK:SALM,BA1101,453 ,137 ,390 ,713 
2015/3/1,洛阳,BPRO:MBLOCK:SALM,BA1102,311 ,68 ,1211 ,374 
2015/3/2,武汉乙烯,BPRO:MANN:SALM,BA1103,982 ,1285 ,1110 ,465 
2015/3/3,南化,BPRO:MBLOCK:SALM,BA1104,394 ,800 ,635 ,478 
2015/3/4,燕山,BPRO:MBLOCK:SALM,BA105,906 ,851 ,1227 ,8 
2015/3/5,天津,BPRO:MBLOCK:SALM,BA106,1042 ,636 ,70 ,202 
2015/3/6,高桥,BPRO:MBLOCK:SALM,BA107,618 ,73 ,774 ,251 
2015/3/7,广州,BPRO:MBLOCK:SRALM,BA108,686 ,475 ,880 ,1000 
2015/3/8,江汉,BPRO:MBLOCK:SRALM,BA109,359 ,20 ,590 ,582 
2015/3/9,金陵,BPRO:MBLOCK:SALM,BA110,49 ,1345 ,1448 ,553 
2015/3/10,茂名,BPRO:MBLOCK:SALM,BA111,882 ,1099 ,942 ,478 
2015/3/11,齐鲁,BPRO:MBLOCK:SALM,BA112,1031 ,876 ,1309 ,41 
2015/3/12,上海,BPRO:MBLOCK:SALM,BA113,1289 ,732 ,697 ,1178 
2015/3/13,石家庄,BPRO:MBLOCK:SALM,BA114,259 ,416 ,326 ,1161 
2015/3/14,扬子,BPRO:MBLOCK:SALM,BA115,488 ,138 ,1357 ,103 
2015/3/15,仪征,BPRO:MBLOCK:SALM,BA1101,1061 ,329 ,1335 ,59 
2015/3/16,镇海,BOPE:MPRO:SDATA,BA1102,116 ,415 ,1656 ,1046 
2015/3/17,中原,BOPE:MPRO:SDATA,BA1103,607 ,1024 ,481 ,97 
2015/3/18,湖北化肥,BPRO:MBLOCK:SALM,BA1104,852 ,114 ,55 ,467 
2015/3/19,安庆,BOPE:MPRO:SDATA,BA105,893 ,875 ,1517 ,324 
2015/3/20,海南,BOPE:MPRO:SDATA,BA106,1124 ,488 ,852 ,800 
2015/3/21,洛阳,BPRO:MBLOCK:SALM,BA107,171 ,1334 ,1243 ,284 
2015/3/22,武汉乙烯,BPRO:MBLOCK:SALM,BA108,821 ,507 ,53 ,1123 
2015/3/23,南化,BPRO:MBLOCK:SRALM,BA109,1188 ,895 ,1471 ,498 
2015/3/24,燕山,BOPE:MPRO:SDATA,BA110,817 ,377 ,1509 ,604 
2015/3/25,天津,BOPE:MPRO:SDATA,BA111,783 ,797 ,338 ,303 
2015/3/26,高桥,BOPE:MPRO:SDATA,BA112,105 ,678 ,1509 ,770 
2015/3/27,广州,BOPE:MPRO:SDATA,BA113,1200 ,481 ,1283 ,159 
2015/3/28,江汉,BPRO:MBLOCK:SALM,BA114,1426 ,385 ,816 ,562 
2015/3/29,金陵,BPRO:MANN:SALM,BA115,911 ,830 ,491 ,492 
2015/3/30,茂名,BPRO:MBLOCK:SALM,BA1101,784 ,386 ,1465 ,735 
2015/3/31,齐鲁,BPRO:MANN:SALM,BA1102,141 ,1052 ,1272 ,1102 
2015/3/1,上海,BPRO:MBLOCK:SALM,BA1103,480 ,949 ,949 ,981 
2015/3/2,石家庄,BPRO:MBLOCK:SRALM,BA1104,948 ,562 ,1503 ,513 
2015/3/3,扬子,BPRO:MANN:SALM,BA105,1323 ,1078 ,1536 ,902 
2015/3/4,仪征,BOPE:MPRO:SDATA,BA106,316 ,888 ,418 ,31 
2015/3/5,镇海,BOPE:MPRO:SDATA,BA107,280 ,521 ,1668 ,18 
2015/3/6,中原,BOPE:MPRO:SDATA,BA108,608 ,1387 ,1165 ,256 
2015/3/7,湖北化肥,BPRO:MBLOCK:SALM,BA109,815 ,872 ,247 ,820 
2015/3/8,安庆,BPRO:MBLOCK:SALM,BA110,1485 ,790 ,737 ,58 
2015/3/9,海南,BOPE:MPRO:SDATA,BA111,565 ,503 ,1446 ,483 
2015/3/10,洛阳,BPRO:MBLOCK:SALM,BA112,913 ,1428 ,527 ,770 
2015/3/11,武汉乙烯,BPRO:MBLOCK:SALM,BA113,983 ,800 ,1719 ,189 
2015/3/12,南化,BOPE:MPRO:SDATA,BA114,1016 ,961 ,627 ,227 
2015/3/13,燕山,BPRO:MBLOCK:SALM,BA115,1243 ,913 ,1233 ,1036 
2015/3/14,天津,BPRO:MBLOCK:SALM,BA1101,560 ,703 ,19 ,237 
2015/3/15,高桥,BPRO:MBLOCK:SRALM,BA1102,334 ,128 ,1284 ,372 
2015/3/16,广州,BPRO:MBLOCK:SALM,BA1103,963 ,235 ,1289 ,1150 
2015/3/17,江汉,BPRO:MBLOCK:SALM,BA1104,1168 ,1402 ,525 ,1160 
2015/3/18,金陵,BPRO:MBLOCK:SALM,BA105,683 ,416 ,1539 ,422 
2015/3/19,茂名,BPRO:MBLOCK:SALM,BA106,1136 ,403 ,166 ,700 
2015/3/20,齐鲁,BOPE:MPRO:SDATA,BA107,1028 ,697 ,1652 ,267 
2015/3/21,上海,BPRO:MBLOCK:SALM,BA108,686 ,222 ,247 ,928 
2015/3/22,石家庄,BPRO:MBLOCK:SALM,BA109,1092 ,1013 ,1024 ,850 
2015/3/23,扬子,BPRO:MBLOCK:SALM,BA110,1057 ,166 ,148 ,292 
2015/3/24,仪征,BPRO:MBLOCK:SRALM,BA111,11 ,854 ,853 ,323 
2015/3/25,镇海,BPRO:MBLOCK:SALM,BA112,741 ,875 ,1071 ,396 
2015/3/26,中原,BPRO:MBLOCK:SALM,BA113,978 ,343 ,1635 ,486 
2015/3/27,湖北化肥,BPRO:MBLOCK:SRALM,BA114,1255 ,210 ,266 ,677 
2015/3/28,安庆,BPRO:MBLOCK:SALM,BA115,1406 ,705 ,1822 ,677 
2015/3/29,海南,BPRO:MBLOCK:SALM,BA1101,285 ,225 ,1729 ,1067 
2015/3/30,洛阳,BPRO:MBLOCK:SALM,BA1102,1248 ,348 ,989 ,495 
2015/3/31,武汉乙烯,BPRO:MBLOCK:SALM,BA1103,485 ,1129 ,10 ,161 
